{"cameraMode":{"drawMode":0,"name":"Shaded","section":"Shading Mode"},"sceneLighting":true,"audioPlay":false,"sceneViewState":{"showFog":true,"showMaterialUpdate":false,"showSkybox":true,"showFlares":true,"showImageEffects":true,"showParticleSystems":true},"in2DMode":false,"pivot":{"x":-0.0026636123657226564,"y":0.8767000436782837,"z":1.11552095413208},"rotation":{"x":-0.24148690700531007,"y":0.0014555762754753233,"z":-0.0003622335207182914,"w":-0.9704028964042664},"size":7.502047061920166,"orthographic":false}